praktika.irbis.plus , 2; 
praktika.irbis.plus , 2; 
praktika.irbis.plus , 2; 
praktika.irbis.plus , 2; 
praktika.irbis.plus , 2
praktika.irbis.plus , 2
praktika.irbis.plus , 2
praktika.irbis.plus , 2
praktika.irbis.plus , 2
praktika.irbis.plus , 2
praktika.irbis.plus , 2
praktika.irbis.plus , 2
praktika.irbis.plus , 2
praktika.irbis.plus , 2
praktika.irbis.plus , 2
praktika.irbis.plus , 2
praktika.irbis.plus , 2
praktika.irbis.plus , 2
praktika.irbis.plus , 2
praktika.irbis.plus , 2
praktika.irbis.plus , 2
praktika.irbis.plus , 2
praktika.irbis.plus , 2
praktika.irbis.plus , 2
praktika.irbis.plus , 2
praktika.irbis.plus , 2
praktika.irbis.plus , 2
praktika.irbis.plus , 2
praktika.irbis.plus , 2
praktika.irbis.plus , 2
